epoch,accuracy,loss,lr,val_accuracy,val_loss
0,0.06038270145654678,3.1583096981048584,0.003,0.0774129331111908,3.0107316970825195
1,0.08399540930986404,2.9521613121032715,0.003,0.08948590606451035,2.899594783782959
0,0.059862226247787476,3.1589150428771973,0.003,0.07436152547597885,3.035935878753662
1,0.08375047892332077,2.9673352241516113,0.003,0.09154228866100311,2.896865129470825
