epoch,accuracy,loss,lr,val_accuracy,val_loss
0,0.06038270145654678,3.1583096981048584,0.003,0.0774129331111908,3.0107316970825195
1,0.08399540930986404,2.9521613121032715,0.003,0.08948590606451035,2.899594783782959
